{"cameraMode":{"drawMode":0,"name":"Shaded","section":"Shading Mode"},"sceneLighting":false,"audioPlay":false,"sceneViewState":{"m_AlwaysRefresh":false,"showFog":true,"showSkybox":false,"showFlares":true,"showImageEffects":true,"showParticleSystems":true,"showVisualEffectGraphs":true,"m_FxEnabled":true},"in2DMode":false,"pivot":{"x":-20.833993911743165,"y":21.799999237060548,"z":-11.532060623168946},"rotation":{"x":-0.010493490844964981,"y":0.9559708833694458,"z":-0.29133129119873049,"w":-0.034442342817783359},"size":16.455467224121095,"orthographic":false}