{"cameraMode":{"drawMode":0,"name":"Shaded","section":"Shading Mode"},"sceneLighting":true,"audioPlay":false,"sceneViewState":{"m_AlwaysRefresh":false,"showFog":true,"showSkybox":true,"showFlares":true,"showImageEffects":true,"showParticleSystems":true,"showVisualEffectGraphs":true,"m_FxEnabled":true},"in2DMode":false,"pivot":{"x":-23.2808837890625,"y":26.198665618896486,"z":26.091415405273439},"rotation":{"x":-0.006023367401212454,"y":0.8622468113899231,"z":-0.5067237019538879,"w":-0.010410027578473091},"size":0.03315495699644089,"orthographic":false}