{"cameraMode":{"drawMode":0,"name":"Shaded","section":"Shading Mode"},"sceneLighting":true,"audioPlay":false,"sceneViewState":{"m_AlwaysRefresh":false,"showFog":true,"showSkybox":true,"showFlares":true,"showImageEffects":true,"showParticleSystems":true,"showVisualEffectGraphs":true,"m_FxEnabled":true},"in2DMode":false,"pivot":{"x":-21.923255920410158,"y":13.611513137817383,"z":-19.221647262573243},"rotation":{"x":-0.0071741798892617229,"y":-0.9920529127120972,"z":0.06738033890724182,"w":-0.10639827698469162},"size":13.159092903137207,"orthographic":false}